﻿<?xml version="1.0" encoding="utf-8" ?>
<c2eventsheet>
    <!--All the 'name' attributes are ignored by Construct 2 - they are there for readability only.-->
    <name>Event sheet 1</name>
    <events>
        <event-block sid="560782689430113">
            <conditions>
                <condition behavior="Platform" id="8" name="On moved" sid="593717781378868" type="idle" />
            </conditions>
            <actions>
                <action id="4" name="Set animation" sid="381720519915779" type="idle">
                    <param id="0" name="Animation">&quot;run&quot;</param>
                    <param id="1" name="From">1</param>
                </action>
            </actions>
        </event-block>
        <event-block sid="369744409387811">
            <conditions>
                <condition behavior="Platform" id="7" name="On stopped" sid="287746314270963" type="idle" />
            </conditions>
            <actions>
                <action id="4" name="Set animation" sid="821319229343508" type="idle">
                    <param id="0" name="Animation">&quot;idle&quot;</param>
                    <param id="1" name="From">1</param>
                </action>
            </actions>
        </event-block>
        <event-block sid="942550366324184">
            <conditions>
                <condition behavior="Platform" id="5" name="On jump" sid="919856969645687" type="idle" />
            </conditions>
            <actions>
                <action id="4" name="Set animation" sid="484526645625316" type="idle">
                    <param id="0" name="Animation">&quot;jump&quot;</param>
                    <param id="1" name="From">1</param>
                </action>
            </actions>
        </event-block>
    </events>
</c2eventsheet>
