﻿<?xml version="1.0" encoding="utf-8" ?>
<c2eventsheet>
    <!--All the 'name' attributes are ignored by Construct 2 - they are there for readability only.-->
    <name>Event sheet 1</name>
    <events>
        <variable constant="0" name="DoubleJump" sid="471618003908977" static="0" type="number">0</variable>
        <event-block sid="670099875352179">
            <conditions>
                <condition behavior="Platform" id="8" name="On moved" sid="172160146116613" type="IdleSheet_" />
            </conditions>
            <actions>
                <action id="4" name="Set animation" sid="376824711165875" type="IdleSheet_">
                    <param id="0" name="Animation">&quot;run&quot;</param>
                    <param id="1" name="From">1</param>
                </action>
            </actions>
        </event-block>
        <event-block sid="135804818491025">
            <conditions>
                <condition behavior="Platform" id="7" name="On stopped" sid="756227502387983" type="IdleSheet_" />
            </conditions>
            <actions>
                <action id="4" name="Set animation" sid="564912763897187" type="IdleSheet_">
                    <param id="0" name="Animation">&quot;Idle&quot;</param>
                    <param id="1" name="From">1</param>
                </action>
            </actions>
        </event-block>
        <event-block sid="528389428122324">
            <conditions>
                <condition id="0" name="On key pressed" sid="311740580687742" type="Keyboard">
                    <param id="0" name="Key">38 (Up arrow)</param>
                </condition>
                <condition id="-14" name="Compare variable" sid="651828026944186" type="System">
                    <param id="0" name="Variable">DoubleJump</param>
                    <param id="1" name="Comparison">0</param>
                    <param id="2" name="Value">1</param>
                </condition>
            </conditions>
            <actions>
                <action behavior="Platform" id="9" name="Set vector Y" sid="824832180822637" type="IdleSheet_">
                    <param id="0" name="Vector Y">-(IdleSheet_.Platform.JumpStrength*(1))</param>
                </action>
                <action id="-10" name="Add to" sid="393828517163171" type="System">
                    <param id="0" name="Variable">DoubleJump</param>
                    <param id="1" name="Value">1</param>
                </action>
            </actions>
        </event-block>
        <event-block sid="640338921670198">
            <conditions>
                <condition behavior="Platform" id="5" name="On jump" sid="830886134061224" type="IdleSheet_" />
            </conditions>
            <actions>
                <action id="4" name="Set animation" sid="976748839493518" type="IdleSheet_">
                    <param id="0" name="Animation">&quot;jump&quot;</param>
                    <param id="1" name="From">1</param>
                </action>
                <action id="-9" name="Set value" sid="784405018817714" type="System">
                    <param id="0" name="Variable">DoubleJump</param>
                    <param id="1" name="Value">1</param>
                </action>
            </actions>
        </event-block>
        <event-block sid="726237345703251">
            <conditions>
                <condition behavior="Platform" id="2" name="Is on floor" sid="169079054445906" type="IdleSheet_" />
            </conditions>
            <actions>
                <action id="-9" name="Set value" sid="211985077014609" type="System">
                    <param id="0" name="Variable">DoubleJump</param>
                    <param id="1" name="Value">0</param>
                </action>
            </actions>
        </event-block>
        <event-block sid="834335416526255">
            <conditions>
                <condition behavior="Platform" id="9" name="On landed" sid="612181862304520" type="IdleSheet_" />
            </conditions>
            <actions />
            <sub-events>
                <event-block sid="604359243348173">
                    <conditions>
                        <condition behavior="Platform" id="0" name="Is moving" sid="800303582219342" type="IdleSheet_" />
                    </conditions>
                    <actions>
                        <action id="4" name="Set animation" sid="282640307847075" type="IdleSheet_">
                            <param id="0" name="Animation">&quot;run&quot;</param>
                            <param id="1" name="From">1</param>
                        </action>
                    </actions>
                </event-block>
                <event-block sid="533078590854950">
                    <conditions>
                        <condition behavior="Platform" id="0" inverted="1" name="Is moving" sid="709813296935887" type="IdleSheet_" />
                    </conditions>
                    <actions>
                        <action id="4" name="Set animation" sid="425981101980803" type="IdleSheet_">
                            <param id="0" name="Animation">&quot;idle&quot;</param>
                            <param id="1" name="From">1</param>
                        </action>
                    </actions>
                </event-block>
            </sub-events>
        </event-block>
        <event-block sid="426446130530309">
            <conditions>
                <condition id="0" name="On key pressed" sid="434842102904289" type="Keyboard">
                    <param id="0" name="Key">37 (Left arrow)</param>
                </condition>
            </conditions>
            <actions>
                <action id="7" name="Set mirrored" sid="852085217907352" type="IdleSheet_">
                    <param id="0" name="State">0</param>
                </action>
            </actions>
        </event-block>
        <event-block sid="920877015723490">
            <conditions>
                <condition id="0" name="On key pressed" sid="604237878255158" type="Keyboard">
                    <param id="0" name="Key">39 (Right arrow)</param>
                </condition>
            </conditions>
            <actions>
                <action id="7" name="Set mirrored" sid="525905157443393" type="IdleSheet_">
                    <param id="0" name="State">1</param>
                </action>
            </actions>
        </event-block>
    </events>
</c2eventsheet>
